loss,runtime,samples_per_second,steps_per_second,completions/mean_length,completions/min_length,completions/max_length,completions/clipped_ratio,reward,reward_std,frac_reward_zero_std,rewards/SummaryFormatReward/mean,rewards/SummaryFormatReward/std,rewards/SummaryHeaderReward/mean,rewards/SummaryHeaderReward/std,rewards/SummaryParsePenalty/mean,rewards/SummaryParsePenalty/std,rewards/SummaryDatasetReward/mean,rewards/SummaryDatasetReward/std,rewards/SummaryObjectsTotalReward/mean,rewards/SummaryObjectsTotalReward/std,rewards/SummaryContentF1Reward/mean,rewards/SummaryContentF1Reward/std,kl,clip_ratio/low_mean,clip_ratio/low_min,clip_ratio/high_mean,clip_ratio/high_max,clip_ratio/region_mean,epoch,global_step/max_steps,percentage,elapsed_time,remaining_time,memory(GiB),train_speed(iter/s),step
0.00320607,565.0104,1.062,0.067,112.5875,50.50666667,225.35333333,0.00041667,2.41747833,0.04288816,0.66,0.66666667,0.37369981,0.33333333,0.74739961,-0.00083333,0.00333333,0.66583333,0.37557647,0.43974798,0.34940058,0.53260432,0.3514904,0.07777946,0.0,0.0,0.0,0.0,0.0,0.15974441,100/1252,7.99%,32m 11s,6h 10m 56s,68.88,0.051761,100
0.00360063,579.2023,1.036,0.066,126.63333333,61.62,236.65333333,0.0,2.3554812,0.10198282,0.53833333,0.66666667,0.38083228,0.33333333,0.76166456,-0.01125,0.03740625,0.65541667,0.39808425,0.41679894,0.36783665,0.50291507,0.3565335,0.08684066,0.0,0.0,0.0,0.0,0.0,0.31948882,200/1252,15.97%,1h 4m 18s,5h 38m 17s,68.94,0.05183,200
0.00561403,619.6792,0.968,0.061,124.86375,50.92666667,265.64,0.00041667,2.38754472,0.05515333,0.57833333,0.66666667,0.38679513,0.33333333,0.77359026,-0.00083333,0.00333333,0.66583333,0.3886718,0.42922988,0.35632457,0.50792977,0.34758397,0.13693748,0.0,0.0,0.0,0.0,0.0,0.47923323,300/1252,23.96%,1h 37m 17s,5h 8m 45s,68.96,0.051389,300
0.00505115,596.2673,1.006,0.064,125.40541667,53.44666667,249.68666667,0.00083333,2.37597939,0.04382487,0.585,0.66666667,0.39275798,0.33333333,0.78551595,-0.00166667,0.00435409,0.665,0.39485887,0.41455223,0.35546223,0.50536992,0.35589984,0.12587189,0.0,0.0,0.0,0.0,0.0,0.63897764,400/1252,31.95%,2h 12m 23s,4h 42m 0s,70.02,0.050354,400
0.00359228,521.3201,1.151,0.073,104.915,46.70666667,193.39333333,0.0,2.43037862,0.02684836,0.71833333,0.66666667,0.39183552,0.33333333,0.78367104,-0.00125,0.00268742,0.66541667,0.39226975,0.4450693,0.37090213,0.54367728,0.37135758,0.08950646,0.0,0.0,0.0,0.0,0.0,0.79872204,500/1252,39.94%,2h 44m 1s,4h 6m 42s,70.02,0.050804,500
